[{
  "_id": {
    "$oid": "6630e72c95e12055f661ff13"
  },
    "title": "Schatten der Galaxis",
    "year": 2023,
        "duration": "128 Minuten",
        "actors": ["Lena Hartmann", "Tom Berger", "Aisha Novak"],
        "poster": "/images/Schatten der Galaxis.png",
  	"watchlist": false
},
{
  "_id": {
    "$oid": "6630e72c95e12055f661ff14"
  },
  "title": "Zeitschleife Alpha",
  "year": 2024,
  "duration": "115 Minuten",
  "actors": ["Maximilian Reuter", "Jana Müller", "Carlos Vega"],
  "poster": "/images/Zeitschleife Alpha.png",
  "watchlist": false
},
{
  "_id": {
    "$oid": "6630e72c95e12055f661ff15"
  },
  "title": "Die letzte Arche",
  "year": 2022,
  "duration": "137 Minuten",
  "actors": ["Eva Schmidt", "Leon Krüger", "Fatima Al-Masri"],
  "poster": "/images/Die letzte Arche.png",
  "watchlist": false
},
{
  "_id": {
    "$oid": "6630e72c95e12055f661ff16"
  },
  "title": "Horizont der Träume",
  "year": 2025,
  "duration": "122 Minuten",
  "actors": ["Nico Schneider", "Amelie Koch", "Yu Chen"],
  "poster": "/images/Horizont der Träume.png",
  "watchlist": false
},
{
  "_id": {
    "$oid": "6630e72c95e12055f661ff17"
  },
  "title": "Code Nemesis",
  "year": 2023,
  "duration": "110 Minuten",
  "actors": ["Selina Bauer", "Jonas Weber", "Ali Khan"],
  "poster": "/images/Code Nemesis.png",
  "watchlist": false
},
{
  "_id": {
    "$oid": "6630e72c95e12055f661ff18"
  },
  "title": "Kristallsturm",
  "year": 2021,
  "duration": "134 Minuten",
  "actors": ["Tobias Lehmann", "Hannah Vogt", "Markus Albrecht"],
  "poster": "/images/Kristallsturm.png",
  "watchlist": false
},
{
  "_id": {
    "$oid": "6630e72c95e12055f661ff19"
  },
  "title": "Wächter der Tiefsee",
  "year": 2024,
  "duration": "140 Minuten",
  "actors": ["Zoe Fischer", "Julian Mertens", "Sara El-Gamal"],
  "poster": "/images/Wächter der Tiefsee.png",
  "watchlist": false
},
{
  "_id": {
    "$oid": "6630e72c95e12055f661ff1a"
  },
  "title": "Projekt Aurora",
  "year": 2025,
  "duration": "119 Minuten",
  "actors": ["Mia Lorenz", "David Tran", "Felix Baumgartner"],
  "poster": "/images/Projekt Aurora.png",
  "watchlist": false
},
{
  "_id": {
    "$oid": "6630e72c95e12055f661ff1b"
  },
  "title": "Der ewige Morgen",
  "year": 2023,
  "duration": "125 Minuten",
  "actors": ["Laura König", "Benni Reimann", "Anya Petrov"],
  "poster": "/images/Der ewige Morgen.png",
  "watchlist": false
},
{
  "_id": {
    "$oid": "6630e72c95e12055f661ff1c"
  },
  "title": "Neonstaub",
  "year": 2022,
  "duration": "108 Minuten",
  "actors": ["Kai Hoffmann", "Emily Wagner", "Leonardo Russo"],
  "poster": "/images/Neonstaub.png",
  "watchlist": false
}]